mean_dwell,std_dwell,mean_flight,std_flight,total_time_ms,total_keys,backspace_count,backspace_rate,typing_speed,dwell_l,dwell_v,dwell_k,dwell_x,dwell_m,dwell_f,dwell_b,dwell_o,dwell_j,dwell_u,dwell_w,dwell_h,dwell_y,dwell_s,dwell_i,dwell_p,dwell_r,dwell_g,dwell_d,dwell_a,dwell_q,dwell_n,dwell_c,dwell_t,dwell_z,dwell_e,digraph_th,digraph_he,digraph_er,digraph_qu,digraph_ow,digraph_br,digraph_fo,digraph_ox,digraph_ju,digraph_um,digraph_ov,digraph_la,digraph_az,digraph_zy,digraph_do,digraph_og,user
79.15362318745558,27.374364287927435,242.55000000074506,217.65710722061579,20386.39999999106,69,3,0.043478260869565216,3.3846093474095604,92.70000000298023,71.25000000745058,103.59999999403954,71.64999999850988,67.1000000089407,75.29999999701977,61.25,81.99999999627471,78.79999999701977,121.09999999403954,71.1000000089407,73.46666666368644,132.95000000298023,64.0,127.34999999403954,79.0,47.70000000298023,63.5,66.59999999403954,82.99999999503295,87.0,102.66666666666667,95.3999999910593,71.53333332637946,89.5,70.46666666616996,160.53333333631358,44.933333337306976,138.60000000149012,107.3999999910593,468.70000000298023,242.5,161.70000000298023,321.5,150.70000000298023,157.55000000447035,217.79999999701977,64.79999999701977,206.40000000596046,43.70000000298023,191.80000001192093,195.90000000596046,Diya
90.24285714351942,30.605475774868243,194.9112903218596,199.91247044697113,15621.29999999702,63,0,0.0,4.0329550037456565,132.1000000089407,87.95000000298023,98.29999999701977,91.6000000089407,107.09999999403954,51.8999999910593,75.0,100.52500000596046,102.90000000596046,142.00000000745058,93.70000000298023,92.2333333293597,78.1000000089407,114.90000000596046,100.64999999850988,103.0,69.98000000417233,64.69999998807907,70.79999999701977,93.36666667461395,72.40000000596046,150.4333333323399,51.70000000298023,70.66666666666667,66.8999999910593,83.91666666418314,99.90000000099342,64.20000000298023,157.39999999602637,112.3999999910593,561.2000000029802,69.0,52.900000005960464,234.09999999403954,55.29999999701977,108.79999999701977,199.69999998807907,51.599999994039536,277.0,57.0,39.3999999910593,104.5,Diya
82.66769230755476,29.537705278434462,181.63593750004657,312.68228601983503,15659.10000000894,65,1,0.015384615384615385,4.150940986388929,88.30000001192093,68.79999999701977,122.79999999701977,93.6000000089407,95.0,59.0,63.23333332935969,95.07499999925494,94.5,139.29999999701977,120.8999999910593,70.59999999900658,66.19999998807907,87.30000001192093,105.64999999850988,83.5,65.71999999582768,75.6000000089407,58.8999999910593,96.83333333333333,83.19999998807907,118.90000000596046,71.1000000089407,61.70000000298023,98.90000000596046,67.16666666666667,132.33333333333334,60.800000001986824,118.89999999850988,88.80000001192093,69.90000000596046,322.80000001192093,32.599999994039536,166.5,102.0,128.6000000089407,173.90000000596046,60.8999999910593,323.09999999403954,228.20000000298023,24.299999997019768,106.59999999403954,Diya
85.38888888794278,30.5631072915136,142.71290322705622,150.78326304487302,13339.5,63,0,0.0,4.7228156977397955,95.0,68.75,117.54999999701977,75.3999999910593,115.8999999910593,62.099999994039536,61.149999998509884,100.2250000052154,86.80000001192093,129.29999999701977,130.40000000596046,66.59999999900658,107.40000000596046,127.79999999701977,96.89999999850988,99.29999999701977,74.35999999940395,63.5,67.19999998807907,86.46666666368644,87.59999999403954,129.9000000009934,75.09999999403954,58.46666666368643,95.20000000298023,84.01666666318972,104.46666666865349,194.25000000745058,111.84999999403954,43.30000001192093,54.79999999701977,150.6000000089407,20.599999994039536,312.70000000298023,112.8999999910593,126.40000000596046,158.1000000089407,32.29999999701977,335.20000000298023,40.3999999910593,14.200000002980232,115.59999999403954,Diya
85.95373134292774,27.994334865890902,153.1621212126179,137.6894813062031,13736.59999999404,67,2,0.029850746268656716,4.877480599277046,135.0,66.54999999701977,113.39999999850988,96.20000000298023,55.20000000298023,75.29999999701977,55.149999998509884,110.32499999925494,86.59999999403954,128.64999999850988,135.0,76.93333333233993,63.1000000089407,90.79999999701977,102.15000000596046,115.0,73.3199999988079,65.70000000298023,109.69999998807907,88.56666666269302,107.29999999701977,96.96666666865349,95.8999999910593,63.53333333134651,87.0,84.15714285629136,119.85000000149012,28.000000004967053,120.45000000298023,167.20000000298023,46.0,56.79999999701977,36.0,231.0,152.79999999701977,158.1000000089407,146.70000000298023,30.400000005960464,310.1000000089407,113.85000000335276,78.10000000149012,82.79999999701977,Diya
89.34637681146462,31.206170793313415,146.83088235316032,136.2231973178793,13682.5,69,3,0.043478260869565216,5.042938059565138,122.8999999910593,84.54999999701977,76.04999999701977,63.20000000298023,119.20000000298023,44.0,67.19999999552965,101.625,127.70000000298023,151.30000000447035,119.3999999910593,84.06666666766007,86.40000000596046,129.90000000596046,119.10000000149012,104.8999999910593,81.55999999940396,42.5,80.1000000089407,112.0,75.1000000089407,129.76666667064032,75.40000000596046,66.19999999304612,94.79999999701977,89.68333333482344,106.20000000298023,44.25,138.73333333432674,71.3999999910593,82.70000000298023,89.5,29.400000005960464,186.5,105.20000000298023,136.09999999403954,166.6000000089407,8.799999997019768,153.79999999701977,13.299999997019768,19.599999994039536,98.70000000298023,Diya
87.52297297261052,32.029895441984024,169.1287671239817,198.95116044110185,17149.30000001192,74,6,0.08108108108108109,4.3150449289445385,143.20000000298023,90.3500000089407,107.25,82.5,119.5,49.0,64.44999999552965,101.90000000223517,91.29999999701977,135.6499999910593,107.1000000089407,89.60000000149012,82.5,121.29999999701977,90.85000000149012,111.29999999701977,65.61666666467984,62.5,83.70000000298023,113.43333333233993,95.0,130.83333333333334,82.70000000298023,67.83333333333333,104.29999999701977,72.72857142984867,80.93333333730698,66.82499999925494,160.9333333323399,72.6000000089407,57.8999999910593,74.20000000298023,282.0,95.0,100.80000001192093,126.70000000298023,157.59999999403954,39.6000000089407,178.90000000596046,0.9000000059604645,32.8999999910593,73.59999999403954,Diya
93.40307692358127,28.00110969939001,136.40468749962747,108.86044166351948,12499.40000000596,65,1,0.015384615384615385,5.2002496119788955,83.1000000089407,63.29999999701977,115.30000000198682,102.1000000089407,95.59999999403954,59.0,72.95000000298023,118.25,99.0,137.14999999850988,96.0,104.03333333631356,113.70000000298023,98.79999999701977,102.70000000298023,115.8999999910593,79.77999999821186,63.19999998807907,83.5,102.80000000198682,99.20000000298023,120.33333333333333,99.09999999403954,74.00000000496705,71.40000000596046,95.81666666766007,68.6333333303531,82.75,109.80000000447035,72.79999999701977,48.79999999701977,101.70000000298023,53.599999994039536,303.3999999910593,85.79999999701977,119.5,143.09999999403954,31.099999994039536,391.09999999403954,36.20000000298023,47.599999994039536,184.6000000089407,Diya
91.98769230865516,32.31727572188559,153.52656249864958,180.48508529372626,13257.39999999106,65,1,0.015384615384615385,4.9029221415996975,119.0,77.39999999850988,105.79999999701977,123.0,123.40000000596046,53.100000001490116,69.45000000298023,92.00000000372529,90.90000000596046,119.5,119.5,93.89999999602635,79.90000000596046,98.70000000298023,119.0,100.0,71.7800000011921,63.29999999701977,94.20000000298023,119.56666666269302,123.40000000596046,147.76666667064032,99.0,86.06666666766007,71.0,89.63333333532016,314.1333333353202,60.149999998509884,147.46666666368642,53.79999999701977,57.099999994039536,112.59999999403954,34.29999999701977,330.0,75.29999999701977,134.29999999701977,174.3999999910593,27.80000001192093,199.8999999910593,32.20000000298023,10.899999991059303,66.6000000089407,Diya
96.65692307742742,42.812118950827795,152.6421875001397,162.1702652749048,13239.60000000894,65,1,0.015384615384615385,4.909513882591325,123.0,87.89999999850988,112.80000000198682,163.19999998807907,127.5,83.5,220.64999999850988,104.02500000223517,102.3999999910593,139.04999999701977,120.20000000298023,86.03333333631356,83.40000000596046,111.20000000298023,96.5,118.5,75.92000000178814,79.29999999701977,93.0,109.8666666696469,99.20000000298023,108.76666666567326,96.70000000298023,58.833333333333336,49.0,82.43333333730698,114.3666666696469,60.49999999254942,150.5999999990066,134.59999999403954,45.5,82.70000000298023,47.1000000089407,92.70000000298023,49.900000005960464,114.90000000596046,125.90000000596046,60.8999999910593,155.09999999403954,618.7000000029802,23.399999991059303,69.0,Diya
92.3179104472719,35.91321598222555,131.56818181863338,105.76721316788543,13433.89999999106,67,2,0.029850746268656716,4.987382666243205,110.79999999701977,68.84999999403954,91.44999999552965,110.40000000596046,63.20000000298023,63.3999999910593,87.89999999850988,89.47499999776483,107.09999999403954,103.19999999801318,107.3999999910593,122.83333333333333,75.6000000089407,106.09999999403954,97.5,119.90000000596046,68.15999999940395,59.29999999701977,82.40000000596046,107.83333333333333,115.0,160.52500000223517,87.09999999403954,67.53333333134651,102.5,87.63333333283663,111.5,90.64999999850988,120.04999999701977,34.1000000089407,46.79999999701977,44.29999999701977,49.30000001192093,264.59999999403954,86.20000000298023,119.70000000298023,172.30000001192093,29.0,213.85000000149012,113.85000000335276,19.700000002980232,109.90000000596046,Diya
90.02923076932247,30.31860927949241,143.4046874998603,127.52556781576439,13508.20000000298,65,1,0.015384615384615385,4.811892035947473,111.0,73.0,112.3999999910593,116.29999999701977,107.40000000596046,68.90000000596046,85.10000000149012,99.0,94.70000000298023,129.30000000447035,84.29999999701977,79.43333333233993,81.0,123.3999999910593,99.44999999552965,103.0,65.07999999523163,67.29999999701977,80.20000000298023,128.63333333532015,92.40000000596046,125.66666666666667,96.09999999403954,63.666666666666664,131.20000000298023,91.55000000198682,140.13333333532015,44.94999999552965,155.33333333830038,34.0,12.399999991059303,219.6000000089407,42.0,187.80000001192093,88.0,130.59999999403954,124.59999999403954,9.400000005960464,163.59999999403954,11.200000002980232,117.90000000596046,242.20000000298023,Diya
90.35820895566869,30.63105023511091,118.5121212116245,107.1928501623309,12815.39999999106,67,2,0.029850746268656716,5.228084960285807,115.70000000298023,78.70000000298023,117.74999999254942,139.40000000596046,106.8999999910593,59.30000001192093,75.05000000447035,100.30000000074506,99.0,110.96666666865349,143.09999999403954,93.2333333392938,58.599999994039536,87.6000000089407,111.24999999254942,115.20000000298023,64.9,64.6000000089407,82.70000000298023,119.16666666666667,131.0,116.56666666269302,107.3999999910593,56.40000000099341,119.0,82.46666667113702,138.73333332935968,54.54999999701977,137.25,9.899999991059303,77.5,73.8999999910593,77.59999999403954,176.09999999403954,222.0,175.79999999701977,159.59999999403954,29.299999997019768,158.29999999701977,9.299999997019768,13.700000002980232,107.79999999701977,Diya
91.31428571518451,28.056144714263464,107.88387096721318,74.01124847813709,10964.70000000298,63,0,0.0,5.745711236967986,111.09999999403954,83.25000000745058,111.64999999850988,140.09999999403954,131.29999999701977,70.20000000298023,61.600000001490116,114.97500000149012,87.6000000089407,139.9500000104308,96.90000000596046,80.30000000198682,71.20000000298023,99.70000000298023,122.25,127.0,70.4,63.6000000089407,96.0,110.43333333233993,118.90000000596046,113.93333333233993,122.69999998807907,67.09999999900658,106.69999998807907,85.58333333581686,166.5999999990066,60.03333333631357,155.76666666567326,23.399999991059303,60.5,91.3999999910593,29.19999998807907,65.0,84.19999998807907,140.0,143.70000000298023,35.6000000089407,156.90000000596046,9.200000002980232,78.10000000149012,105.59999999403954,Diya
96.58769230659192,33.79879154772236,143.46718750149012,125.20399860724564,13580.20000000298,65,1,0.015384615384615385,4.78638017113045,127.29999999701977,95.59999999403954,114.75,67.09999999403954,177.29999999701977,71.59999999403954,77.34999999403954,116.90000000596046,91.40000000596046,125.53333333631356,126.59999999403954,90.96666666368644,85.20000000298023,140.19999998807907,89.89999999850988,128.8999999910593,68.82000000476837,84.19999998807907,67.1000000089407,129.39999999602637,114.5,141.0,102.30000001192093,75.19999999801318,107.5,82.24999999751647,154.96666667362055,55.09999999900659,155.6333333303531,32.099999994039536,103.79999999701977,57.79999999701977,39.20000000298023,168.5,82.8999999910593,106.20000000298023,137.20000000298023,53.400000005960464,495.40000000596046,113.85000000335276,132.8999999910593,67.40000000596046,Diya
81.23043478264108,16.190114217257115,286.18382352935697,352.3058211981384,25065.39999999851,69,3,0.043478260869565216,2.7527986786567977,93.70000000298023,70.54999999888241,81.89999999850988,50.30000000074506,57.30000000074506,67.5,61.73333333184322,75.95000000018626,65.5,70.70000000111759,102.5,81.33333333333333,66.80000000074506,68.69999999925494,83.34999999962747,88.40000000223517,79.97999999970197,92.19999999925494,66.5,73.7000000004967,119.10000000149012,69.66666666790843,94.30000000074506,81.06666666641831,85.69999999925494,106.7000000004967,64.96666666616996,111.39999999975164,126.65000000037253,275.0999999977648,395.80000000074506,133.0,102.0,676.3999999985099,98.5,186.39999999850988,254.60000000149012,39.399999998509884,224.5,331.30000000074506,111.39999999850988,481.30000000074506,Jash
77.38208955248345,16.20272618846455,252.09696969672135,298.6264860535899,21823.0,67,2,0.029850746268656716,3.0701553406955964,92.0,61.900000002235174,75.0,61.399999998509884,57.69999999925494,80.30000000074506,65.09999999962747,74.17499999888241,60.69999999925494,58.54999999888241,80.60000000149012,66.13333333407839,72.90000000223517,88.89999999850988,55.70000000049671,75.89999999850988,69.41999999955297,97.10000000149012,86.80000000074506,98.73333333432674,88.0,68.12500000093132,67.0,86.66666666666667,89.0,87.06666666766007,63.433333333581686,130.9666666649282,102.45000000111759,228.30000000074506,237.80000000074506,256.0,77.0,441.19999999925494,118.30000000074506,253.30000000074506,228.89999999850988,152.69999999925494,184.0,293.5999999977648,88.0,476.5,Jash
82.5047619047146,20.28807945111715,233.0596774194029,418.1124024898988,19647.5,63,0,0.0,3.206514823768927,85.10000000149012,71.19999999925494,75.04999999888241,100.60000000149012,78.70000000298023,74.89999999850988,62.5,72.62500000093132,70.89999999850988,60.59999999962747,83.59999999776483,65.26666666567326,70.19999999925494,87.5,72.15000000037253,84.19999999925494,77.91999999955297,79.0,79.79999999701977,131.66666666666666,111.60000000149012,66.03333333258827,89.39999999850988,85.6666666654249,138.80000000074506,100.50000000124176,76.16666666915019,105.06666666517656,116.0,164.09999999776483,515.1999999992549,244.90000000223517,59.30000000074506,677.1000000014901,95.30000000074506,154.5,236.09999999776483,61.30000000074506,201.0,223.60000000149012,61.5,361.5,Jash
79.01492537335673,17.070295870740793,195.784848484634,192.04160395418114,18215.800000000745,67,2,0.029850746268656716,3.67812558328469,83.69999999925494,75.20000000111759,72.25,84.60000000149012,58.600000001490116,56.900000002235174,60.90000000037253,90.47500000149012,58.600000001490116,56.850000001490116,86.19999999925494,68.66666666666667,63.100000001490116,96.19999999925494,75.59999999962747,75.19999999925494,75.07999999970198,76.29999999701977,93.09999999776483,84.04999999888241,119.89999999850988,62.36666666716337,100.80000000074506,90.30000000074506,105.10000000149012,93.23333333370586,71.93333333233993,116.2000000004967,108.04999999888241,85.5,189.5,173.10000000149012,388.0999999977648,171.89999999850988,111.80000000074506,219.59999999776483,336.5999999977648,55.0,143.0,143.69999999925494,79.30000000074506,462.70000000298023,Jash
76.33015872999316,14.20163901688011,225.88709677431373,247.1603381139597,18813.79999999702,63,0,0.0,3.3486058106288987,96.30000000074506,59.40000000037253,64.84999999962747,66.80000000074506,62.0,86.30000000074506,66.90000000037253,77.97499999962747,60.19999999925494,60.54999999888241,82.0,67.43333333358169,59.0,103.69999999925494,71.20000000111759,88.39999999850988,81.97999999970197,73.40000000223517,78.59999999776483,88.03333333383004,100.60000000149012,59.26666666691502,89.59999999776483,76.2666666644315,95.19999999925494,88.50000000062089,73.73333333432674,98.26666666567326,105.25,176.0,168.5,776.0,71.19999999925494,523.1000000014901,111.80000000074506,178.90000000223517,285.0999999977648,66.79999999701977,244.5,229.20000000298023,86.60000000149012,372.69999999925494,Jash
80.37619047623778,24.293422679805936,223.22419354836308,229.48190222060614,18903.60000000149,63,0,0.0,3.3326985336123824,89.80000000074506,55.34999999962747,130.8000000026077,83.10000000149012,66.90000000223517,77.69999999925494,67.60000000149012,77.62499999906868,68.30000000074506,58.1999999973923,177.0,53.76666666691502,62.19999999925494,78.89999999850988,71.55000000074506,90.59999999776483,71.67999999970198,77.30000000074506,111.09999999776483,89.60000000024836,104.90000000223517,65.7000000004967,75.30000000074506,86.66666666666667,109.79999999701977,87.88333333407839,93.60000000024836,133.9333333323399,130.59999999962747,189.30000000074506,279.8999999985099,314.19999999925494,103.80000000074506,679.0999999977648,102.10000000149012,178.5,260.30000000074506,62.100000001490116,234.5,137.90000000223517,53.20000000298023,368.5,Jash
78.2810126585485,18.539161943078014,231.22435897402465,295.4785094298166,24219.699999999255,79,8,0.10126582278481013,3.2618075368399455,69.80000000074506,71.0,77.80000000074506,105.60000000149012,68.60000000149012,81.80000000074506,116.0,80.82000000104308,61.30000000074506,64.95000000111759,87.80000000074506,63.73333333308498,60.69999999925494,78.19999999925494,71.63333333283663,95.0,76.71666666741173,66.80000000074506,63.100000001490116,78.53333333383004,86.90000000223517,65.375,88.5,82.36666666592161,67.5,83.10000000042575,76.66666666790843,113.5,95.54999999888241,107.3999999910593,356.8999999985099,152.3500000089407,95.39999999850988,339.0,118.5,138.29999999701977,335.5,151.59999999776483,240.5,283.0,83.59999999776483,290.69999999925494,Jash
76.99374999990687,21.27378723827253,210.7698412699004,240.5605039789634,18206.099999997765,64,0,0.0,3.515305309759249,84.5,60.649999998509884,76.94999999925494,72.0,70.0,78.5,58.999999998137355,87.69999999925494,62.69999999925494,60.25,66.60000000149012,66.93333333358169,66.90000000223517,67.39999999850988,71.19999999925494,100.60000000149012,67.49999999850988,67.0,87.10000000149012,112.07500000018626,97.40000000223517,66.5,90.19999999925494,76.83333333209157,87.30000000074506,85.46666666679084,58.233333334326744,132.19999999925494,107.55000000074506,119.30000000074506,247.5,328.70000000298023,52.900000002235174,262.5,137.19999999925494,154.90000000223517,304.4000000022352,3.899999998509884,439.5999999977648,144.19999999925494,69.5,380.69999999925494,Jash
80.39999999998817,13.231719944838785,264.6258064516249,425.3579312257124,21472.0,63,0,0.0,2.934053651266766,87.30000000074506,69.25,71.09999999962747,86.39999999850988,75.70000000298023,81.0,67.30000000074506,80.7250000005588,56.100000001490116,57.15000000037253,87.0,65.83333333333333,92.19999999925494,92.80000000074506,86.70000000111759,89.0,80.67999999895692,79.19999999925494,88.90000000223517,82.53333333383004,105.30000000074506,64.39999999975164,104.89999999850988,79.99999999875824,106.69999999925494,87.30000000012417,59.36666666716337,122.10000000024836,122.10000000149012,158.19999999925494,259.30000000074506,346.0,117.5,1000.2000000029802,117.59999999776483,172.29999999701977,254.19999999925494,106.80000000074506,638.0,185.60000000149012,124.59999999776483,417.0999999977648,Jash
80.87301587266109,18.400441733268437,178.662903226191,188.41963738640334,16172.10000000149,63,0,0.0,3.8955979742886946,87.69999999925494,66.94999999925494,78.15000000037253,74.90000000223517,53.30000000074506,89.89999999850988,60.09999999962747,76.29999999981374,53.30000000074506,58.59999999962747,87.10000000149012,72.13333333532016,78.0,104.19999999925494,73.15000000037253,89.09999999776483,73.23999999836087,75.89999999850988,92.0,114.63333333159487,75.5,63.69999999925494,87.5,88.26666666567326,72.09999999776483,93.53333333320916,51.63333333283663,123.06666666517656,97.90000000037253,163.40000000223517,276.30000000074506,286.6000000014901,45.900000002235174,352.3999999985099,125.0,215.5,242.60000000149012,1.199999999254942,308.9000000022352,219.20000000298023,81.10000000149012,583.3000000007451,Jash
74.51449275351521,17.3403046909573,315.16029411773474,412.1143299179953,26572.39999999851,69,3,0.043478260869565216,2.596679261188446,84.69999999925494,64.64999999850988,67.30000000074506,96.0,58.80000000074506,71.69999999925494,62.249999998137355,76.59999999962747,63.30000000074506,68.80000000074506,79.59999999776483,63.26666666691502,69.90000000223517,88.80000000074506,75.64999999850988,84.19999999925494,69.15999999940395,71.0,85.69999999925494,89.46666666741173,92.29999999701977,49.87500000093132,100.80000000074506,90.00000000124176,95.5,71.15714285735574,53.866666665921606,113.69999999925494,126.1999999973923,173.90000000223517,578.9000000022352,605.4000000022352,93.10000000149012,488.69999999925494,112.59999999776483,275.5,678.3000000007451,95.19999999925494,238.69999999925494,130.19999999925494,41.099999997764826,306.0,Jash
77.0142857141438,18.79926423046852,203.20806451628525,195.70236230692169,17450.800000000745,63,0,0.0,3.610149677951573,97.69999999925494,62.25,75.94999999925494,96.10000000149012,80.10000000149012,70.79999999701977,61.0,79.24999999906868,57.0,53.34999999962747,75.5,61.79999999950329,106.39999999850988,93.0,65.45000000111759,109.0,72.34000000059605,55.30000000074506,83.5,100.2000000004967,105.0,59.766666665673256,79.19999999925494,81.89999999975164,79.19999999925494,89.11666666654249,60.16666666790843,144.83333333333334,116.94999999925494,117.39999999850988,637.5,308.30000000074506,66.40000000223517,290.1000000014901,122.40000000223517,166.89999999850988,345.9000000022352,34.19999999925494,372.80000000074506,374.6000000014901,66.80000000074506,392.0999999977648,Jash
81.27142857162961,18.850274121904175,259.3677419353156,396.5593397303095,21200.900000002235,63,0,0.0,2.971571961567356,97.5,111.65000000037253,68.05000000074506,76.0,63.30000000074506,87.10000000149012,67.24999999813735,76.95000000111759,70.20000000298023,56.59999999962747,85.39999999850988,69.53333333383004,79.10000000149012,92.90000000223517,73.15000000223517,79.80000000074506,89.47999999970197,75.30000000074506,93.5,85.16666666790843,96.19999999925494,63.933333333581686,84.19999999925494,84.60000000024836,85.5,95.83333333209157,54.066666666418314,121.23333333432674,111.30000000074506,202.40000000223517,246.39999999850988,303.0,46.69999999925494,384.6000000014901,122.0,169.69999999925494,410.79999999701977,101.5,277.0999999977648,169.10000000149012,66.89999999850988,401.0999999977648,Jash
75.47936507953065,14.558771519717242,223.57741935467047,250.9246953089519,18334.900000002235,63,0,0.0,3.436070008562486,71.19999999925494,68.95000000111759,66.75,101.19999999925494,58.5,69.80000000074506,66.75,76.02500000130385,62.30000000074506,57.69999999925494,98.10000000149012,79.0,59.19999999925494,71.80000000074506,66.55000000074506,87.39999999850988,75.03999999985099,70.09999999776483,85.19999999925494,81.86666666716337,90.29999999701977,68.56666666641831,95.0,73.80000000074506,63.80000000074506,91.8333333345751,67.46666666741173,109.83333333209157,157.4333333323399,183.90000000223517,187.09999999776483,274.0,90.29999999701977,350.8999999985099,107.59999999776483,176.5,262.1000000014901,127.69999999925494,232.5,276.80000000074506,80.60000000149012,390.30000000074506,Jash
76.20952380951198,16.90265043807707,230.91612903227008,324.13018899396224,19118.0,63,0,0.0,3.295323778637933,75.69999999925494,71.65000000037253,68.40000000037253,76.89999999850988,69.19999999925494,66.40000000223517,49.600000001490116,92.29999999981374,70.30000000074506,65.10000000149012,88.5,68.96666666741173,61.19999999925494,80.19999999925494,75.75,94.5,73.56000000014902,54.099999997764826,105.40000000223517,92.93333333358169,93.0,65.53333333383004,92.0,80.69999999801318,54.399999998509884,83.59999999962747,50.000000001241766,116.76666666567326,114.05000000074506,153.69999999925494,202.60000000149012,206.59999999776483,89.19999999925494,313.1000000014901,96.39999999850988,173.80000000074506,214.30000000074506,35.5,710.6000000014901,185.10000000149012,25.699999999254942,444.4000000022352,Jash
118.25312500004657,35.675319588647675,251.46825396825398,312.08744644783513,23050.39999999106,64,0,0.0,2.7765244854763833,93.70000000298023,100.69999999552965,74.14999999850988,130.40000000596046,81.90000000596046,161.90000000596046,90.39999999850988,140.97499999403954,127.40000000596046,82.8999999910593,127.59999999403954,122.96666666865349,102.79999999701977,142.20000000298023,93.5,99.6000000089407,141.27999999821185,120.40000000596046,157.59999999403954,165.23333333432674,120.5,98.13333333532016,157.29999999701977,137.53333333631358,141.79999999701977,130.36666666467985,22.066666662693024,164.33333333333334,100.75,127.5,164.90000000596046,69.70000000298023,236.29999999701977,1271.7000000029802,82.90000000596046,218.79999999701977,391.1000000089407,84.0,342.79999999701977,73.79999999701977,300.70000000298023,239.90000000596046,Khadir
116.13968254081787,26.61120744740209,171.92903225724734,188.87043894024248,17599.30000001192,63,0,0.0,3.579687828490754,124.20000000298023,93.84999999403954,84.60000000149012,156.40000000596046,94.0,147.0,100.25,99.05000000447035,124.40000000596046,98.64999999850988,137.04999999701977,104.99999999503295,96.20000000298023,169.8999999910593,113.05000000447035,121.1000000089407,118.40000000298024,93.5,120.79999999701977,154.5,113.5,85.96666666865349,151.20000000298023,117.33333333333333,162.90000000596046,137.76666667064032,72.7333333392938,227.59999999403954,97.95000000298023,107.3999999910593,146.70000000298023,125.8999999910593,399.09999999403954,62.79999999701977,80.79999999701977,315.59999999403954,434.09999999403954,0.8999999910593033,181.09999999403954,98.09999999403954,72.6000000089407,313.09999999403954,Khadir
117.33582089463276,24.263458807811293,244.99242424332735,403.281859593441,23773.89999999106,67,2,0.029850746268656716,2.8182166157014708,104.0,99.99999999254942,115.85000000149012,146.30000001192093,98.80000001192093,130.19999998807907,109.79999999701977,110.77499999850988,108.59999999403954,81.35000000149012,132.5,113.36666666467984,108.09999999403954,135.90000000596046,109.0,103.09999999403954,125.9800000011921,54.099999994039536,107.80000001192093,136.16666667163372,129.59999999403954,96.33333333333333,135.09999999403954,115.36666666467984,175.20000000298023,148.09999999652305,161.3666666696469,1027.7000000029802,103.25,301.20000000298023,180.79999999701977,300.6000000089407,61.20000000298023,339.5,72.5,279.29999999701977,311.0,84.70000000298023,159.79999999701977,0.29999999701976776,240.5,470.5,Khadir
112.4884057973606,27.44415957170384,291.1691176468397,316.0023386247191,25950.40000000596,69,3,0.043478260869565216,2.6589185523145753,102.1000000089407,101.54999999701977,84.14999999850988,108.79999999701977,100.0,133.20000000298023,84.5,91.125,101.80000001192093,88.44999999552965,157.6000000089407,109.83333332836628,103.45000000298023,157.5,106.20000000298023,121.0,128.25999999940396,89.5,106.6000000089407,136.46666666368642,120.0,89.53333333134651,135.09999999403954,123.80000000198682,207.30000000447035,141.15000000347695,308.2500000074506,173.16666666666666,82.1499999910593,185.79999999701977,124.20000000298023,160.19999998807907,220.0,404.0,81.5,230.5,455.79999999701977,60.8999999910593,212.79999999701977,14.200000002980232,97.09999999403954,214.5,Khadir
113.47384615425881,23.35162835284411,242.6859374998603,373.95570713092195,21729.30000001192,65,1,0.015384615384615385,2.991352689684635,102.90000000596046,88.15000000596046,101.95000000298023,127.79999999701977,102.79999999701977,87.04999999701977,110.84999999403954,95.25,96.59999999403954,93.60000000149012,142.40000000596046,111.83333332836628,115.70000000298023,171.0,106.25,121.8999999910593,122.27999999821186,102.20000000298023,126.20000000298023,125.7333333392938,157.70000000298023,95.76666666567326,189.5,115.16666667163372,161.19999998807907,122.41666666666667,42.96666666865349,134.10000000397363,111.89999999850988,84.79999999701977,283.79999999701977,121.1000000089407,2503.3999999910593,862.4000000059605,97.1000000089407,326.79999999701977,396.90000000596046,26.399999991059303,120.5,9.600000008940697,252.70000000298023,442.09999999403954,Khadir
109.98307692316862,23.512285292864593,218.02656249981374,258.1150483815042,19010.70000000298,65,1,0.015384615384615385,3.4191271231459024,87.29999999701977,86.95000000298023,96.30000000447035,147.3999999910593,88.19999998807907,136.29999999701977,87.60000000397365,85.12500000372529,99.20000000298023,92.54999999701977,137.3999999910593,83.80000000198682,105.09999999403954,140.29999999701977,113.04999999701977,108.79999999701977,113.58000000417232,114.0,102.8999999910593,130.89999999602637,168.59999999403954,89.13333333532016,117.29999999701977,134.4000000009934,140.90000000596046,130.76666666567326,47.766666665673256,165.86666666467985,109.49999999254942,107.3999999910593,260.0,133.19999998807907,73.29999999701977,305.90000000596046,87.0,284.1000000089407,367.90000000596046,68.59999999403954,177.59999999403954,13.0,112.20000000298023,389.59999999403954,Khadir
111.1328358214293,25.262120708631308,212.01363636282358,287.37996961287485,20943.19999998808,67,2,0.029850746268656716,3.1991290729228647,98.20000000298023,94.54999999701977,90.69999999552965,119.59999999403954,81.70000000298023,140.90000000596046,98.30000000447035,97.2250000052154,94.5,89.95000000298023,149.59999999403954,112.80000000198682,124.70000000298023,131.59999999403954,118.49999999254942,102.79999999701977,108.95999999940395,101.09999999403954,108.79999999701977,168.1333333303531,129.30000001192093,80.7666666607062,176.40000000596046,112.8666666696469,136.40000000596046,131.0857142848628,16.499999995032947,114.16666666666667,114.44999999552965,86.8999999910593,224.70000000298023,152.3500000089407,224.8999999910593,276.90000000596046,77.40000000596046,305.19999998807907,780.5,167.29999999701977,173.59999999403954,9.0,94.40000000596046,282.29999999701977,Khadir
110.96190476181015,24.40128430603281,176.14677419369258,240.0411219609972,17911.70000000298,63,0,0.0,3.51725408531795,93.70000000298023,96.25,100.55000000447035,109.70000000298023,87.59999999403954,98.29999999701977,101.54999999701977,90.67499999701977,94.70000000298023,72.85000000149012,142.09999999403954,111.16666666169961,100.6000000089407,135.70000000298023,114.45000000298023,114.79999999701977,107.15999999940395,92.79999999701977,159.0,127.30000000198682,164.0,105.63333334028721,124.09999999403954,128.63333333532015,120.79999999701977,151.76666666815677,21.666666666666668,169.9000000009934,123.75,83.70000000298023,153.5,148.29999999701977,132.8999999910593,403.1000000089407,95.5,173.29999999701977,311.70000000298023,67.70000000298023,214.90000000596046,126.79999999701977,79.29999999701977,383.90000000596046,Khadir
104.01014492693155,24.173096466489515,187.78823529490654,201.4396979757596,19946.30000001192,69,3,0.043478260869565216,3.4592881887848255,81.09999999403954,91.60000000149012,81.60000000149012,92.29999999701977,97.8999999910593,114.3999999910593,92.04999999701977,88.55000000074506,96.69999998807907,84.25,135.0,105.79999999701977,92.20000000298023,121.29999999701977,102.0,70.79999999701977,109.6,87.70000000298023,118.35000000149012,143.69999999304613,118.29999999701977,69.89999999602635,128.90000000596046,127.90000001092751,149.90000000596046,134.6714285718543,44.89999999602636,83.06666666766007,105.35000000149012,48.80000001192093,187.20000000298023,152.3500000089407,69.90000000596046,503.1000000089407,87.0,226.30000001192093,356.79999999701977,70.80000001192093,150.5,42.79999999701977,200.59999999403954,458.5,Khadir
100.41234567926989,25.13450917095709,235.65624999981372,254.1465816425617,26672.0,81,9,0.1111111111111111,3.036892621475705,104.59999999403954,90.89999999850988,86.39999999850988,145.3999999910593,79.59999999403954,125.40000000596046,96.20000000298023,88.52500000223517,95.20000000298023,82.14999999850988,121.79999999701977,94.30000000198682,102.8999999910593,109.60000000149012,106.80000000447035,71.29999999701977,116.25,89.64999999850988,139.20000000298023,138.89999999602637,153.79999999701977,84.93333333730698,123.1000000089407,129.4000000009934,141.0,102.15000000037253,34.699999998013176,106.10000000149012,127.79999999701977,88.1000000089407,303.29999999701977,121.1000000089407,94.29999999701977,649.0,82.59999999403954,597.9000000059605,509.19999998807907,152.6000000089407,737.6000000089407,74.0,111.0,498.79999999701977,Khadir
104.47619047595396,24.42449794362462,215.19193548420745,244.8682333604343,19923.90000000596,63,0,0.0,3.1620315299705957,72.5,84.75,84.60000000149012,90.20000000298023,97.40000000596046,114.90000000596046,90.5,84.22500000149012,86.09999999403954,80.70000000298023,124.79999999701977,80.19999999801318,126.6000000089407,130.59999999403954,89.10000000149012,41.29999999701977,119.44000000059604,100.09999999403954,148.70000000298023,149.83333332836628,139.79999999701977,98.93333333233993,123.29999999701977,127.93333333233993,136.1000000089407,119.33333333581686,17.633333335320156,619.5,110.69999999552965,107.3999999910593,180.90000000596046,137.59999999403954,91.70000000298023,351.70000000298023,113.1000000089407,134.5,311.29999999701977,96.20000000298023,138.5,176.3999999910593,95.09999999403954,499.59999999403954,Khadir
114.25873015773675,23.162850901158208,163.37741935589622,184.05446723680765,17327.70000000298,63,0,0.0,3.6357970186458193,119.70000000298023,97.19999999552965,104.30000000447035,121.6000000089407,103.0,103.20000000298023,108.75,91.77499999850988,119.0,95.5,139.3999999910593,107.93333333730698,122.3999999910593,175.5,98.54999999701977,105.30000001192093,106.1,92.79999999701977,149.59999999403954,135.46666666368642,151.5,102.56666666269302,124.3999999910593,133.33333333333334,121.79999999701977,142.03333333383003,22.566666667660076,105.59999999403954,107.70000000298023,60.5,152.70000000298023,181.79999999701977,154.09999999403954,375.29999999701977,85.09999999403954,206.59999999403954,322.40000000596046,7.299999997019768,320.90000000596046,60.400000005960464,37.20000000298023,251.20000000298023,Khadir
112.96507936408595,18.853934443055564,228.06612903336364,395.6442218772291,18115.09999999404,63,0,0.0,3.477761646362467,88.6000000089407,95.79999999701977,93.60000000149012,123.3999999910593,93.0,108.69999998807907,98.80000000447035,99.97500000149012,98.29999999701977,94.04999999701977,124.70000000298023,118.43333332737286,107.90000000596046,123.79999999701977,110.5,114.0,120.19999999701977,98.70000000298023,135.20000000298023,133.1333333303531,130.29999999701977,89.66666667163372,114.59999999403954,130.36666666467985,134.79999999701977,131.3333333308498,28.566666667660076,827.3333333383003,117.35000000149012,32.20000000298023,137.0,173.20000000298023,108.80000001192093,388.5,78.40000000596046,152.29999999701977,275.6000000089407,12.299999997019768,171.29999999701977,57.79999999701977,193.40000000596046,342.79999999701977,Khadir
111.08153846172186,25.737239661230703,223.40156249981374,228.71877894320443,21518.0,65,1,0.015384615384615385,3.020726833348824,136.40000000596046,94.04999999701977,95.44999999552965,126.1000000089407,76.3999999910593,132.09999999403954,101.55000000447035,92.07499999925494,100.70000000298023,72.14999999850988,206.20000000298023,126.43333333233993,95.1000000089407,97.29999999701977,98.15000000596046,100.19999998807907,107.2800000011921,107.09999999403954,123.6000000089407,132.1333333303531,114.5,99.33333333333333,119.59999999403954,138.30000000198683,147.70000000298023,136.36666666716337,18.6333333303531,86.40000000099342,114.40000000596046,233.1000000089407,143.20000000298023,95.09999999403954,62.79999999701977,487.09999999403954,98.0,609.5,586.7999999970198,285.0,126.79999999701977,346.59999999403954,111.79999999701977,418.40000000596046,Khadir
116.30923076890983,25.729281272550896,207.96718750032596,202.41296513429774,20008.20000000298,65,1,0.015384615384615385,3.2486680461006148,130.70000000298023,104.49999999254942,95.10000000149012,96.09999999403954,102.59999999403954,108.79999999701977,101.64999999850988,95.875,104.8999999910593,98.14999999850988,147.40000000596046,105.63333333532016,88.79999999701977,108.70000000298023,121.64999999850988,99.59999999403954,120.30000000298023,99.90000000596046,169.5,137.5333333313465,163.29999999701977,93.79999999701977,170.5,125.22500000149012,151.90000000596046,144.84999999652305,17.19999999801318,311.9666666686535,279.06666666766006,41.5,344.90000000596046,168.8999999910593,116.1000000089407,487.1000000089407,90.20000000298023,261.09999999403954,230.79999999701977,37.5,153.70000000298023,113.85000000335276,133.1000000089407,241.69999998807907,Khadir
102.67313432826924,24.243642539840696,214.85757575771123,266.07375888976344,21059.70000000298,67,1,0.014925373134328358,3.1814318342611965,48.3999999910593,79.20000000298023,111.35000000149012,129.40000000596046,81.29999999701977,120.59999999403954,78.64999999850988,98.94999999552965,87.69999998807907,84.04999999701977,107.5,90.30000000198682,98.8999999910593,136.5,88.80000000447035,111.0,103.39999999850988,113.0,147.5,119.0,116.29999999701977,83.46666667362054,85.90000000596046,62.56666666766008,116.90000000596046,101.06666666517656,141.73333333432674,30.533333331346512,110.60000000149012,107.20000000298023,190.40000000596046,186.59999999403954,44.400000005960464,334.5,94.1000000089407,148.1000000089407,198.30000001192093,87.29999999701977,247.90000000596046,79.29999999701977,35.1000000089407,239.8999999910593,RITI
98.52031249995343,24.838988880789458,203.67142857138126,173.89271407668713,19136.59999999404,64,0,0.0,3.344376744041258,68.59999999403954,82.70000000298023,116.95000000298023,91.29999999701977,69.20000000298023,136.59999999403954,85.25000000745058,80.07499999925494,76.79999999701977,75.19999999552965,108.30000001192093,77.56666666766007,87.09999999403954,139.59999999403954,103.89999999850988,89.0,99.12000000178814,95.30000001192093,62.80000001192093,138.3666666597128,118.59999999403954,86.36666665971279,73.3999999910593,73.46666666368644,60.5,114.7000000004967,121.43333333233993,55.63333333532015,255.70000000298023,154.40000000596046,174.79999999701977,211.59999999403954,30.5,640.5,84.1000000089407,159.90000000596046,235.70000000298023,37.0,389.70000000298023,255.90000000596046,60.5,235.09999999403954,RITI
92.49733333170414,23.091845449194242,363.58974359127194,601.7369600785282,25345.20000000298,79,8,0.10126582278481013,3.1169610024774204,75.79999999701977,73.89999999602635,86.85000000149012,142.70000000298023,64.0,112.6000000089407,67.96666665871938,82.59999999776483,87.59999999403954,69.44999999552965,106.29999999701977,84.86666666467984,97.79999999701977,136.0,68.6333333303531,91.20000000298023,103.77500000037253,85.20000000298023,88.59999999403954,112.09999999900658,121.90000000596046,83.06666666269302,83.79999999701977,67.80000000198682,122.69999998807907,106.2285714255912,127.83333333333333,101.83333333830039,136.73333333432674,54.70000000298023,216.6000000089407,622.4000000059605,87.5,730.6000000089407,100.1000000089407,174.09999999403954,239.09999999403954,112.6000000089407,235.30000001192093,111.40000000596046,340.5,268.90000000596046,RITI
92.49733333170414,23.091845449194242,363.58974359127194,601.7369600785282,25345.20000000298,79,8,0.10126582278481013,3.1169610024774204,75.79999999701977,73.89999999602635,86.85000000149012,142.70000000298023,64.0,112.6000000089407,67.96666665871938,82.59999999776483,87.59999999403954,69.44999999552965,106.29999999701977,84.86666666467984,97.79999999701977,136.0,68.6333333303531,91.20000000298023,103.77500000037253,85.20000000298023,88.59999999403954,112.09999999900658,121.90000000596046,83.06666666269302,83.79999999701977,67.80000000198682,122.69999998807907,106.2285714255912,127.83333333333333,101.83333333830039,136.73333333432674,54.70000000298023,216.6000000089407,622.4000000059605,87.5,730.6000000089407,100.1000000089407,174.09999999403954,239.09999999403954,112.6000000089407,235.30000001192093,111.40000000596046,340.5,268.90000000596046,RITI
96.71014492732027,20.788236256602172,232.71176470618914,244.27223514270838,22497.40000000596,69,3,0.043478260869565216,3.067021077990422,77.09999999403954,80.99999999254942,110.64999999850988,132.20000000298023,62.99999999254942,133.6000000089407,86.65000000596046,74.44999999925494,82.5,74.14999999850988,84.90000000596046,94.56666666766007,78.40000000596046,108.0,114.04999999701977,78.1000000089407,97.61666666467984,73.20000000298023,109.3999999910593,131.4333333323399,103.5,85.7333333392938,75.35000000149012,76.03333333134651,90.90000000596046,113.73333333184321,206.43333333730698,65.5,120.54999999701977,124.70000000298023,179.79999999701977,121.90000000596046,84.19999998807907,334.5,87.09999999403954,132.90000000596046,224.40000000596046,73.79999999701977,259.3999999910593,108.3999999910593,130.70000000298023,233.0,RITI
88.74444444335643,17.506985252751097,168.14354838815427,182.81214103541495,16015.79999999702,63,0,0.0,3.933615554640525,89.1000000089407,69.69999999552965,96.0,100.70000000298023,78.5,94.29999999701977,68.29999999701977,81.74999999627471,66.59999999403954,76.85000000149012,100.8999999910593,79.79999999701977,76.79999999701977,124.20000000298023,97.59999999403954,102.5,86.56000000238419,73.29999999701977,133.09999999403954,93.43333333233993,99.5,67.36666666467984,100.40000000596046,74.83333333333333,99.5,105.61666666467984,123.53333333134651,30.066666667660076,179.54999999701977,95.09999999403954,178.40000000596046,209.5,93.40000000596046,297.20000000298023,116.20000000298023,178.90000000596046,240.79999999701977,72.0,222.20000000298023,428.5,42.6000000089407,230.6000000089407,RITI
89.75396825420478,18.283098494913126,177.30806451603289,179.94292580652996,16647.60000000894,63,0,0.0,3.784329272685923,76.59999999403954,76.35000000149012,91.60000000149012,93.70000000298023,50.6000000089407,111.70000000298023,67.89999999850988,83.12500000372529,64.40000000596046,66.94999999552965,124.0,85.20000000298023,72.0,117.29999999701977,93.24999999254942,94.8999999910593,84.2800000011921,77.5,100.8999999910593,121.43333333233993,105.0,83.1333333303531,72.0,72.23333333432674,99.79999999701977,103.56666666766007,116.03333333134651,17.33333332836628,118.14999999850988,143.20000000298023,62.19999998807907,200.29999999701977,77.0,736.2999999970198,102.79999999701977,170.59999999403954,202.5,62.400000005960464,276.6000000089407,119.0,86.5,242.20000000298023,RITI
94.75230769217015,20.898083148220053,245.97656250023283,428.3105042430899,21901.40000000596,65,1,0.015384615384615385,2.967846804313072,69.6000000089407,66.40000000099342,91.70000000298023,124.79999999701977,79.20000000298023,108.70000000298023,79.95000000298023,88.35000000149012,73.70000000298023,101.5,114.79999999701977,91.33333333333333,83.30000001192093,109.0,76.89999999850988,101.59999999403954,104.8,77.09999999403954,118.09999999403954,124.59999999900658,98.79999999701977,81.89999999602635,99.5,72.36666666467984,86.09999999403954,97.16666666915019,118.16666666666667,20.599999999006588,113.69999999552965,385.20000000298023,120.0,200.5,72.59999999403954,432.59999999403954,110.09999999403954,138.3999999910593,204.70000000298023,190.59999999403954,269.6000000089407,126.79999999701977,77.5,292.20000000298023,RITI
90.63492063539368,20.956971479386794,162.47096774150288,140.97935262554498,15783.20000000298,63,0,0.0,3.9915859901660062,83.90000000596046,70.90000000596046,86.5,97.20000000298023,66.79999999701977,92.5,73.95000000298023,85.34999999776483,78.90000000596046,73.44999998807907,83.29999999701977,76.89999999602635,98.70000000298023,106.1000000089407,85.35000000149012,74.0,87.75999999940396,80.0,111.29999999701977,133.36666666467985,117.30000001192093,76.60000000397365,73.59999999403954,69.06666666766007,106.8999999910593,108.63333333780368,152.70000000298023,67.5,114.85000000149012,143.5,140.59999999403954,218.69999998807907,82.5,594.1999999880791,95.0,153.40000000596046,192.0,74.59999999403954,203.40000000596046,100.40000000596046,138.79999999701977,203.20000000298023,RITI
91.33846153937853,18.671036329780804,151.11718749906868,112.83877540906967,15608.5,65,1,0.015384615384615385,4.164397603869686,71.1000000089407,76.44999999552965,79.29999999701977,104.70000000298023,76.0,103.90000000596046,81.10000000149012,85.54999999701977,74.5,69.60000000149012,103.5,85.125,75.3999999910593,100.8999999910593,81.39999999850988,92.5,91.60000000298024,84.70000000298023,100.20000000298023,121.93333333233993,115.40000000596046,71.33333333830039,60.599999994039536,74.39999999602635,120.20000000298023,105.56666666766007,121.19999999801318,41.766666665673256,147.45000000298023,120.79999999701977,241.90000000596046,107.90000000596046,120.19999998807907,345.5,101.29999999701977,141.1000000089407,204.59999999403954,86.59999999403954,204.70000000298023,93.90000000596046,90.70000000298023,205.79999999701977,RITI
85.52539682553873,16.72031335810052,165.9919354836306,163.1647241055891,15679.59999999404,63,0,0.0,4.017959641829125,74.5,73.89999999850988,86.25,98.90000000596046,60.70000000298023,112.1000000089407,80.04999999701977,69.8500000052154,78.29999999701977,67.35000000149012,99.09999999403954,87.79999999701977,80.30000001192093,86.20000000298023,80.20000000298023,87.09999999403954,81.19999999701977,100.20000000298023,104.90000000596046,86.09999999900658,94.40000000596046,74.00000000496705,66.29999999701977,70.8666666696469,105.59999999403954,90.19999999552965,114.93333333233993,50.400000005960464,148.39999999850988,141.79999999701977,83.90000000596046,154.1000000089407,65.5,784.1999999880791,98.5,159.0,230.29999999701977,66.20000000298023,187.59999999403954,128.5,69.69999998807907,218.40000000596046,RITI
86.63333333366447,17.584589213189783,173.83870967717903,191.2860207331076,16235.90000000596,63,0,0.0,3.880289974684303,77.3999999910593,79.14999999850988,81.70000000298023,136.8999999910593,62.20000000298023,89.90000000596046,70.39999999850988,71.34999999776483,70.6000000089407,70.60000000149012,121.0,87.23333333432674,66.3999999910593,95.70000000298023,90.80000001192093,83.40000000596046,86.17999999523163,92.1000000089407,61.099999994039536,89.80000000198682,73.5,74.79999999701977,75.59999999403954,73.63333333532016,64.59999999403954,97.78333333879709,111.03333333134651,47.1333333303531,145.29999999701977,123.29999999701977,79.1000000089407,148.40000000596046,84.79999999701977,724.3000000119209,98.09999999403954,143.40000000596046,206.79999999701977,104.29999999701977,273.0,453.40000000596046,133.0,1081.2000000029802,RITI
92.17611940405261,25.510776708130415,194.05454545332626,133.57742185936047,18983.39999999106,67,2,0.029850746268656716,3.529399369977536,72.09999999403954,84.90000000596046,125.39999999850988,114.20000000298023,51.0,56.6000000089407,73.85000000149012,81.30000000074506,83.70000000298023,72.05000000447035,102.79999999701977,75.56666666269302,74.59999999403954,95.20000000298023,89.83333333830039,93.0,103.29999999701977,93.1000000089407,78.6000000089407,131.76666666567326,119.90000000596046,69.25000000372529,74.0,60.43333333233992,86.0,111.25000000248353,145.0333333313465,35.933333337306976,151.7999999895692,522.1999999880791,137.5,140.30000001192093,560.2999999970198,254.29999999701977,173.79999999701977,157.0,206.79999999701977,75.59999999403954,233.70000000298023,130.20000000298023,92.79999999701977,228.29999999701977,RITI
86.71538461423837,17.58092699773151,147.5437500011176,102.66956078075748,15079.29999999702,65,1,0.015384615384615385,4.310544919194713,77.29999999701977,72.39999999850988,90.70000000298023,82.0,60.29999999701977,90.59999999403954,62.69999999552965,74.55000000074506,77.09999999403954,69.89999999850988,123.59999999403954,81.40000000099342,66.3999999910593,97.3999999910593,97.45000000298023,91.0,84.64000000059605,81.5,113.1000000089407,104.76666666567326,111.29999999701977,73.26666666567326,77.29999999701977,69.5,125.90000000596046,97.23333333184321,121.8666666696469,49.5,138.5,108.5,145.20000000298023,188.40000000596046,77.0,391.20000000298023,85.6000000089407,153.70000000298023,219.5,72.59999999403954,284.59999999403954,113.85000000335276,78.70000000298023,223.79999999701977,RITI
92.55714285704825,18.882129909367855,177.04193548401517,152.3292534851158,16807.70000000298,63,0,0.0,3.7482820373988606,69.59999999403954,77.5,123.25,92.79999999701977,64.80000001192093,101.79999999701977,74.94999999552965,79.20000000670552,79.3999999910593,63.600000001490116,110.30000001192093,89.20000000794728,109.5,120.6000000089407,79.89999999850988,99.0,93.25999999642372,66.70000000298023,95.8999999910593,110.70000000298023,112.5,87.66666666169961,69.3999999910593,80.13333333532016,99.5,96.39999999602635,125.53333332637946,25.166666666666668,123.55000000447035,83.40000000596046,159.29999999701977,161.59999999403954,96.8999999910593,456.20000000298023,99.70000000298023,140.69999998807907,216.3999999910593,43.20000000298023,220.09999999403954,266.90000000596046,131.5,219.59999999403954,RITI
91.11549295784093,22.84242807859571,129.99571428565042,155.1213869713036,13774.0,71,3,0.04225352112676056,5.154639175257732,91.5,97.69999999925494,109.44999999925494,110.20000000298023,65.5,98.10000000149012,70.30000000074506,70.65000000037253,59.5,72.15000000037253,80.19999999925494,76.10000000024836,89.70000000298023,72.54999999888241,77.54999999888241,69.90000000223517,91.19999999925494,103.39999999850988,111.0,111.77999999895692,115.0,74.19999999925494,104.0,87.5,85.80000000074506,94.58333333333333,96.80000000074506,30.333333330849808,81.20000000111759,19.299999997019768,62.399999998509884,67.90000000223517,77.0,464.5,104.20000000298023,166.19999999925494,469.19999999925494,30.199999999254942,131.40000000223517,56.79999999701977,3.600000001490116,571.0,rugvedd
85.66428571442763,27.878155994032287,123.39638554201608,117.50368817154839,15069.10000000149,84,10,0.11904761904761904,5.574320961437093,99.69999999925494,121.40000000037253,88.25,81.60000000149012,64.5,62.09999999962747,69.55000000074506,71.88333333345751,73.40000000223517,73.44999999925494,124.19999999925494,76.5,96.30000000074506,107.56666666641831,67.39999999975164,64.40000000223517,84.10000000074506,63.249999998137355,107.19999999925494,85.50000000124176,106.69999999925494,90.63333333407839,118.20000000298023,90.96666666741173,87.30000000074506,113.5285714279328,24.25,65.26666666815679,79.64999999850988,107.3999999910593,41.19999999925494,75.30000000074506,38.000000001862645,542.6999999992549,75.5,102.60000000149012,25.099999997764826,131.39999999850988,543.5999999977648,54.0,16.199999999254942,158.5,rugvedd
90.5227848100417,23.151925033354885,124.76410256421718,139.64993227025283,15289.699999999255,79,8,0.10126582278481013,5.166877047947563,65.89999999850988,105.89999999850988,90.55000000074506,125.5,46.0,128.89999999850988,81.30000000074506,81.92499999888241,85.54999999888241,95.15000000037253,92.0,72.26666666691501,75.59999999776483,95.30000000074506,74.33333333209157,95.39999999850988,95.90000000074505,87.40000000223517,106.89999999850988,106.86666666716337,116.30000000074506,85.96666666741173,102.2999999995033,70.39999999975164,111.19999999925494,125.51666666629414,39.333333333333336,80.46666666741173,91.15000000037253,107.3999999910593,50.69999999925494,54.70000000298023,77.0,271.9000000022352,89.69999999925494,126.90000000223517,30.400000002235174,34.100000001490116,117.5,23.800000000745058,13.400000002235174,242.20000000298023,rugvedd
89.91772151889303,22.14947928922381,119.74615384623982,116.55772388828973,15681.699999999255,79,8,0.10126582278481013,5.037719124840021,84.19999999925494,100.54999999888241,91.64999999850988,118.0,81.40000000037253,84.03333333258827,89.0,82.12000000029802,86.90000000223517,87.0,128.80000000074506,89.3333333345751,98.70000000298023,140.30000000074506,74.2999999995033,24.0,92.61999999955296,106.04999999888241,84.30000000074506,103.13333333283663,120.19999999925494,82.49999999875824,111.39999999850988,72.97499999962747,108.40000000223517,90.48333333432674,31.099999999006588,51.266666665673256,82.60000000149012,107.3999999910593,42.900000002235174,645.3000000007451,28.600000001490116,288.8999999985099,79.59999999776483,125.5,88.80000000074506,13.699999999254942,115.80000000074506,225.29999999701977,45.899999998509884,58.899999998509884,rugvedd
93.69589041096911,24.021106235056724,116.21527777788125,105.79968580567396,13084.400000002235,73,5,0.0684931506849315,5.579162972699361,61.900000002235174,104.84999999962747,110.79999999888241,126.30000000074506,94.0,100.10000000024836,70.54999999888241,76.83999999985099,91.10000000149012,68.0,116.70000000298023,68.63333333283663,95.59999999776483,134.39999999850988,94.7999999995033,88.19999999925494,94.25999999940396,92.5,106.5,110.16666666666667,106.5,75.13333333283663,115.40000000037253,93.56666666766007,35.30000000074506,112.30000000074506,40.84999999962747,57.666666666666664,80.64999999850988,107.3999999910593,25.299999997019768,46.099999997764826,84.70000000298023,231.80000000074506,75.5,329.5,14.5,60.8999999910593,201.0,138.80000000074506,78.10000000149012,242.20000000298023,rugvedd
91.22769230776109,22.69102504826778,135.15625000011642,145.11333165336646,11378.5,65,1,0.015384615384615385,5.712528013358527,73.80000000074506,116.45000000111759,66.96666666741173,96.89999999850988,67.30000000074506,90.70000000298023,73.10000000149012,80.09999999869615,87.69999999925494,69.30000000074506,129.40000000223517,75.76666666691501,103.40000000223517,113.5,74.25000000186265,81.19999999925494,110.61999999955296,104.19999999925494,109.69999999925494,116.39999999975164,122.89999999850988,77.93333333233993,120.0,79.69999999925494,26.0,102.58333333333333,44.833333333333336,56.100000001490116,92.70000000111759,107.3999999910593,61.5,33.19999999925494,77.0,194.20000000298023,93.5,124.60000000149012,6.5,60.8999999910593,195.60000000149012,154.89999999850988,78.10000000149012,54.30000000074506,rugvedd
86.60149253732455,25.800488786694054,111.33939393931492,108.13323274513887,12276.29999999702,67,5,0.07462686567164178,5.457670470745767,29.899999998509884,94.10000000149012,83.19999999925494,73.25,79.59999999776483,97.15000000037253,76.30000000074506,90.30000000074506,87.0,95.34999999962747,93.69999999925494,68.90000000099342,59.95000000111759,91.19999999925494,54.20000000298023,75.69999999925494,107.8333333345751,108.39999999850988,44.0,101.39999999975164,120.09999999776483,67.47499999962747,101.15000000037253,84.13333333407839,118.89999999850988,104.23999999910593,27.56666666517655,56.36666666716337,66.0,371.1000000014901,20.699999999254942,21.799999997019768,40.19999999925494,122.79999999701977,88.89999999850988,427.4000000022352,72.69999999925494,22.600000001490116,213.85000000149012,14.100000001490116,24.300000000745058,242.20000000298023,rugvedd
84.13544303796525,26.086991947164645,130.31025641024686,122.9698040794016,15381.199999999255,79,8,0.10126582278481013,5.136140223129784,78.80000000074506,79.45000000111759,72.5249999994412,135.69999999925494,84.5,75.5,58.749999998137355,74.63333333345751,51.95000000111759,101.75000000186265,107.5,72.76666666691501,75.79999999701977,89.59999999962747,80.19999999925494,109.5,96.17999999970198,82.10000000149012,18.900000002235174,112.53333333258827,96.10000000149012,73.43333333233993,84.94999999925494,90.63333333407839,71.79999999701977,94.7666666675359,45.89999999975165,53.23333333184322,82.90000000037253,107.3999999910593,64.10000000149012,152.3500000089407,15.699999999254942,160.40000000223517,179.09999999776483,149.89999999850988,25.5,16.699999999254942,179.20000000298023,218.70000000298023,274.0,267.8999999985099,rugvedd
88.4085365851387,25.00938946216889,106.03950617310626,109.5431587295661,14478.300000000745,82,10,0.12195121951219512,5.663648356505652,82.80000000074506,97.0,104.59999999962747,98.34999999776483,81.89999999850988,103.69999999925494,64.15000000037253,82.09999999925495,71.40000000223517,72.25,95.10000000149012,72.89999999925494,82.30000000074506,123.59999999962747,75.75,73.39999999850988,98.68000000044704,90.80000000074506,134.30000000074506,125.83333333209157,94.40000000223517,79.83333333333333,112.5,80.43333333358169,126.89999999850988,106.98333333370586,34.833333334575094,41.466666666169964,79.19999999925494,107.3999999910593,332.8999999985099,73.69999999925494,258.9000000022352,79.10000000149012,92.5,129.80000000074506,9.099999997764826,34.400000002235174,213.85000000149012,17.400000002235174,7.5,252.39999999850988,rugvedd
90.94520547945206,20.563626893093844,107.96111111120425,106.18058066259421,12492.900000002235,73,4,0.0547945205479452,5.843319005193906,75.19999999925494,68.96666666741173,109.05000000074506,106.60000000149012,65.0,90.69999999925494,70.04999999888241,88.42499999981374,81.89999999850988,80.50000000186265,107.19999999925494,76.16666666418314,82.10000000149012,148.10000000149012,74.84999999962747,73.89999999850988,96.91666666728754,88.80000000074506,94.39999999850988,108.80000000074506,122.40000000223517,94.70000000173847,100.39999999850988,89.90000000223517,123.30000000074506,87.5714285703642,16.53333333383004,49.46666666865349,91.0,11.599999997764826,50.69999999925494,64.89999999850988,4.900000002235174,234.30000000074506,91.0,131.89999999850988,27.699999999254942,13.800000000745058,185.59999999776483,116.30000000074506,68.30000000074506,158.69999999925494,rugvedd
91.17926829303728,21.578674758932998,117.64444444406732,117.02439125295848,15410.400000002235,82,9,0.10975609756097561,5.321081866790486,76.30000000074506,94.73333333308499,92.70000000111759,82.19999999925494,68.30000000074506,104.10000000149012,81.77500000037253,93.87500000093132,77.0,68.40000000037253,124.40000000223517,73.40000000099342,99.30000000074506,108.60000000149012,82.20000000111759,90.89999999850988,102.0666666670392,86.90000000223517,87.39999999850988,111.04999999981374,166.5,68.62499999906868,102.10000000149012,84.5,111.80000000074506,103.26666666629414,16.800000000745058,59.199999998013176,86.25000000186265,40.30000000074506,28.199999999254942,380.5999999977648,77.0,334.5,88.10000000149012,113.69999999925494,221.95000000298023,60.8999999910593,118.0,48.80000000074506,16.600000001490116,242.20000000298023,rugvedd
96.48095238072769,18.781347189946043,142.36721311497396,150.05686760401818,12194.300000000745,63,0,0.0,5.166348211869164,89.59999999776483,89.09999999962747,86.0,106.0,48.100000001490116,134.39999999850988,78.5,89.17499999888241,60.600000001490116,95.5,130.39999999850988,76.56666666517656,82.70000000298023,103.0,74.55000000074506,91.5,96.0199999988079,112.69999999925494,134.20000000298023,99.46666666616996,140.89999999850988,94.13333333283663,77.0,99.76666666691501,94.0,105.41666666666667,17.5,55.5,85.40000000223517,107.3999999910593,191.30000000074506,396.0,4.699999999254942,202.0,87.59999999776483,409.30000000074506,17.300000000745058,8.900000002235174,114.69999999925494,348.0,35.5,57.100000001490116,rugvedd
97.08169014069816,19.748106058994047,112.6000000001784,90.41722072064334,12188.5,71,4,0.056338028169014086,5.8251630635435045,95.39999999850988,85.19999999925494,94.30000000074506,93.5,87.40000000223517,92.09999999962747,77.25000000186265,87.27500000037253,79.30000000074506,81.24999999813735,92.19999999925494,74.32499999925494,85.09999999776483,101.90000000223517,74.44999999925494,78.69999999925494,111.52000000029803,82.20000000298023,138.5,114.59999999900658,135.89999999850988,98.49999999875824,116.19999999925494,81.89999999850988,107.59999999776483,116.30000000074506,33.92500000074506,68.0249999994412,50.90000000037253,16.700000002980232,41.399999998509884,75.79999999701977,77.0,163.19999999925494,94.0,124.80000000074506,42.600000001490116,60.8999999910593,263.30000000074506,48.20000000298023,6.399999998509884,242.20000000298023,rugvedd
88.47014925373135,21.530443666230713,107.8166666666441,107.79844770824819,12508.10000000149,67,2,0.029850746268656716,5.356528969227302,61.899999998509884,75.45000000111759,78.19999999925494,107.40000000223517,43.19999999925494,82.09999999776483,65.40000000037253,74.30000000074506,67.5,64.09999999962747,97.59999999776483,66.66666666666667,84.69999999925494,93.89999999850988,85.19999999925494,72.30000000074506,99.08000000044703,108.0,90.69999999925494,106.7999999995033,103.10000000149012,75.88000000044704,107.60000000149012,86.66666666666667,58.899999998509884,106.28333333320916,52.60000000024835,40.76666666691502,93.65000000037253,7.599999997764826,72.69999999925494,72.80000000074506,17.800000000745058,134.59999999776483,84.0,132.0,296.80000000074506,66.0,183.30000000074506,142.40000000223517,31.300000000745058,47.69999999925494,rugvedd
94.89014084516486,19.6084068987852,111.40428571424314,124.82556335639234,12802.300000000745,71,4,0.056338028169014086,5.545878474961207,104.89999999850988,103.84999999776483,87.05000000074506,94.10000000149012,83.80000000074506,107.05000000074506,89.69999999925494,82.18000000044704,70.69999999925494,71.44999999925494,117.0,74.2000000004967,84.80000000074506,107.29999999701977,84.09999999962747,82.80000000074506,96.58000000044703,111.69999999925494,96.30000000074506,119.93333333233993,98.90000000223517,81.12500000093132,92.39999999850988,90.1499999994412,103.0,110.88333333407839,15.366666667163372,83.1666666654249,115.59999999962747,3.7999999970197678,25.699999999254942,152.3500000089407,45.69999999925494,141.59999999776483,101.60000000149012,120.5,8.900000002235174,8.900000002235174,131.10000000149012,69.69999999925494,78.10000000149012,59.900000002235174,rugvedd
